x,y,z,label
0.011472,-0.024692,0.008355,normal
-0.03324,-0.000455,-0.003418,normal
3.287951,7.015581,-0.020842,bump
-2.366643,5.188442,-0.01548,bump
0.023689,0.004608,-0.001018,normal
2.21994,-6.709012,0.010847,pothole
2.591329,8.182377,0.005227,bump
-2.664078,5.52249,0.019971,bump
2.019535,-6.95292,0.001511,pothole
-0.04592,-0.007169,-0.005503,normal
3.386135,8.537956,0.01271,bump
-2.741967,-5.640922,0.04085,pothole
0.045481,-0.008292,0.017308,normal
0.021056,0.016049,-0.009387,normal
-3.1424,-6.630571,-0.029738,pothole
3.993857,7.637111,-0.038281,bump
-0.039975,0.003914,-0.049079,normal
-4.255051,-5.407849,-0.020399,pothole
0.047045,-0.015853,-0.022289,normal
-0.031356,0.019475,-0.017443,normal
0.037664,0.043257,-0.047838,normal
2.443429,-5.359131,0.023048,pothole
-0.039163,0.043512,-0.010743,normal
-3.700267,7.926747,0.012303,bump
-3.314992,-8.488476,-0.024259,pothole
0.034417,-0.027389,-0.014089,normal
2.445664,-6.107071,-0.032204,pothole
-0.006883,-0.026517,0.012923,normal
0.026821,-0.021709,-0.031742,normal
-2.152085,-7.559546,-0.017202,pothole
-2.784136,-6.566783,0.014272,pothole
0.021336,0.040586,-0.00308,normal
2.779891,6.245386,-0.030942,bump
-2.089516,-6.502038,-0.049522,pothole
0.008117,-0.035487,0.006935,normal
2.518839,6.595581,0.013479,bump
4.422746,8.42576,0.02699,bump
-3.566327,6.616642,0.046806,bump
-2.611989,-9.769759,0.045105,pothole
-4.535972,6.296769,0.031368,bump
-0.021968,-0.027514,0.047212,normal
-3.078244,7.208404,-0.008698,bump
0.014933,0.018338,-0.03714,normal
0.014668,-0.035225,0.01374,normal
-4.844259,8.240136,0.043472,bump
2.445988,-9.563533,0.03533,pothole
-4.533935,-8.650775,-0.024478,pothole
0.025515,0.025654,-0.027801,normal
-0.020199,-0.038044,-0.005406,normal
-0.038952,-0.019814,0.039199,normal
-2.977756,7.533699,0.041976,bump
-0.020265,-0.037796,-0.011666,normal
0.0081,0.005474,0.02474,normal
-0.036727,0.045213,-0.030814,normal
0.029742,0.037375,-0.035364,normal
4.697933,-7.343303,-0.010977,pothole
4.29874,9.820449,-0.033808,bump
4.241689,6.334536,0.013278,bump
0.016914,0.020899,0.010109,normal
-2.051342,-5.428799,-0.027586,pothole
-0.002938,0.044344,0.027928,normal
0.044912,-0.03909,-0.009666,normal
3.786412,-7.830381,-0.003136,pothole
2.063283,7.07777,-0.000956,bump
0.002586,-0.028213,0.03339,normal
0.016558,-0.039349,-0.02844,normal
-2.513633,-8.041377,0.015346,pothole
-0.016441,0.047503,0.047115,normal
3.11414,5.092402,-0.026095,bump
-2.928333,-8.39624,0.044681,pothole
0.027957,-0.027907,-0.025021,normal
-0.045211,0.035105,-0.018315,normal
2.320971,8.702013,0.034152,bump
-4.579092,5.206792,0.030773,bump
3.678193,-9.42058,0.021391,pothole
-3.482062,8.082736,0.017511,bump
-0.036583,-0.032387,0.005955,normal
3.572038,5.825023,-0.025122,bump
4.386237,-9.331301,0.005756,pothole
-0.017694,-0.035825,-0.026708,normal
0.017458,-0.014907,0.043177,normal
2.864695,9.644228,-0.047813,bump
0.048931,-0.041708,-0.036087,normal
4.805208,8.054579,0.023836,bump
-0.038328,-0.00416,0.034698,normal
-0.028584,-0.029895,-0.015265,normal
-3.994406,-5.570016,0.038326,pothole
0.043033,-0.047231,-0.017524,normal
-2.695517,-7.509796,0.042395,pothole
-3.619335,6.253449,-0.009824,bump
4.755363,9.620279,0.047553,bump
-0.032068,-0.037865,0.013989,normal
0.012305,-0.037661,-0.002573,normal
0.039199,-0.035168,-0.000576,normal
-0.039524,0.016882,-0.021911,normal
-3.791422,-9.526944,0.049056,pothole
3.846098,-9.638356,-0.034786,pothole
-4.020014,5.82352,0.002585,bump
-2.060482,-6.741194,0.039831,pothole
-2.977141,-7.506927,0.006207,pothole
-0.015514,-0.021599,0.019207,normal
4.360473,8.516439,0.024022,bump
-2.827246,7.00978,0.043581,bump
-0.040952,0.038425,0.044508,normal
0.011052,0.019056,0.020411,normal
3.663967,5.490553,0.000238,bump
2.527893,-9.162801,0.014024,pothole
-0.005979,-0.034288,-0.038502,normal
-4.66938,-9.480024,0.026773,pothole
0.024711,-0.009007,-0.036567,normal
-0.02328,-0.033853,-0.049449,normal
2.692858,-6.38823,-0.033871,pothole
-0.028684,0.032727,-0.026755,normal
-0.024455,-0.016223,-0.023316,normal
-4.388231,-8.090243,0.00374,pothole
0.041179,0.008286,-0.036565,normal
3.364952,8.788925,-0.002144,bump
-3.007711,-9.462483,-0.007681,pothole
0.020384,0.003136,0.040251,normal
0.028661,-0.005075,-0.026742,normal
-0.045672,0.003114,-0.016929,normal
0.001782,0.02678,-0.033104,normal
0.035574,0.011935,0.010255,normal
-4.056283,8.38779,-0.026158,bump
-3.660306,8.464423,-0.029583,bump
-0.034988,0.013276,-0.002581,normal
4.645024,-6.186869,-0.035705,pothole
-2.397327,6.4035,0.008643,bump
4.224518,-9.993086,-0.003915,pothole
4.868066,-5.871311,-0.020537,pothole
-3.048964,-8.956714,-0.011281,pothole
-0.03472,-0.008464,-0.015108,normal
-0.013922,-0.029557,0.007412,normal
-0.04954,-0.04899,0.035758,normal
-4.670644,-7.973191,-0.012535,pothole
-0.008053,-0.033707,0.023107,normal
0.005158,0.02824,-0.014747,normal
0.006641,-0.032704,-0.024644,normal
-2.623773,-5.524549,0.049685,pothole
-2.903477,9.692618,0.029266,bump
-0.023173,0.018267,-0.045083,normal
-0.026434,0.035567,0.037407,normal
-0.006026,0.025903,-0.031987,normal
-0.004911,-0.047159,0.00655,normal
-4.332895,8.206044,-0.031625,bump
3.575716,-8.196307,-0.028987,pothole
-4.970505,-6.019712,-0.04136,pothole
0.005958,-0.047682,-0.004309,normal
-0.037999,0.016451,0.036764,normal
-3.252181,-5.34564,0.018134,pothole
0.011495,-0.035483,0.002844,normal
2.417691,7.396771,-0.029308,bump
0.027951,-0.009008,-0.00306,normal
0.041497,0.0172,-0.023598,normal
-4.936574,9.599367,-0.002832,bump
-3.082381,9.077315,0.017215,bump
-2.604566,-5.844774,-0.03479,pothole
-0.049177,-0.016434,0.003657,normal
-3.423101,-9.376115,-0.009989,pothole
-3.064788,-8.091314,-0.045109,pothole
-4.277696,-8.033848,-0.023974,pothole
-2.275308,-5.767734,-0.020047,pothole
4.588768,-8.774,0.039717,pothole
-2.810968,6.577514,-0.02537,bump
-0.036565,-0.021899,-0.030963,normal
-0.029096,0.010609,0.042087,normal
-0.020995,-0.028847,0.030877,normal
4.066716,6.411703,-0.042998,bump
0.038123,0.001954,0.046375,normal
-0.037239,0.023238,-0.012192,normal
0.03671,0.027616,-0.042415,normal
2.794001,8.839766,-0.029348,bump
0.023233,0.031216,0.03986,normal
2.935056,7.219442,0.024906,bump
-0.008883,-0.007345,-0.039955,normal
3.448339,8.720407,0.038582,bump
-4.450923,6.231522,0.025385,bump
-0.024225,0.001198,0.023295,normal
0.034452,-0.035843,-0.03143,normal
-0.046297,-0.022971,0.01603,normal
2.733353,8.658535,-0.006349,bump
0.006686,0.0377,-0.03972,normal
-0.042669,-0.021731,-0.023834,normal
0.020054,0.001548,0.046893,normal
-0.002106,-0.027763,-0.000809,normal
0.008678,-0.016859,-0.02941,normal
-0.043136,0.028309,-0.027606,normal
3.337699,6.636965,0.031015,bump
4.626547,9.230137,-0.045413,bump
4.46457,9.151544,0.021806,bump
-2.692586,-9.942121,-0.005254,pothole
4.955172,5.970818,0.00034,bump
-3.167259,8.383583,-0.015605,bump
-3.246589,-7.019821,-0.027813,pothole
-4.552764,7.72833,0.040513,bump
2.246966,5.658197,-0.048044,bump
0.019051,-0.023123,-0.008357,normal
0.016435,-0.010275,0.022033,normal
-3.121256,-7.447302,-0.017006,pothole
4.115243,9.12907,0.045748,bump
4.561683,-8.886091,-0.01997,pothole
2.130552,5.315419,-0.0445,bump
-4.525666,7.672664,-0.030753,bump
-3.014935,8.906211,0.027135,bump
-0.02262,-0.028104,-0.028206,normal
2.303023,5.161479,0.018275,bump
-0.027687,-0.008994,0.019963,normal
0.02223,0.049699,0.010952,normal
0.007182,-0.048759,-0.003821,normal
2.168344,5.58249,0.044722,bump
-0.009683,0.021775,0.022111,normal
0.017298,0.038848,-0.014704,normal
-3.440637,5.851015,0.007387,bump
0.047933,-0.023497,0.041346,normal
0.04679,0.046889,-0.041601,normal
-4.828158,-5.147121,-0.009942,pothole
-0.026941,-0.047808,0.004602,normal
-0.026208,-0.026722,0.042384,normal
-0.028961,0.045985,-0.035005,normal
-4.435602,7.976904,0.013627,bump
2.696592,8.653756,-0.023216,bump
3.304575,7.942152,-0.026905,bump
2.499498,6.811836,0.046773,bump
3.412677,-7.668018,0.004324,pothole
-4.584874,7.758668,0.02467,bump
0.017288,0.004942,0.028254,normal
-2.477855,8.678667,-0.044184,bump
2.271704,6.210291,0.000673,bump
0.007341,0.03061,0.029813,normal
4.418785,7.819151,-0.041563,bump
-4.267428,-8.780075,0.018382,pothole
-3.195434,-5.199462,0.044985,pothole
-0.042035,0.019185,-0.046906,normal
4.080973,9.868772,0.007464,bump
-0.008008,0.039983,0.03264,normal
-2.309214,8.784817,0.026737,bump
-2.032149,-8.205529,0.03054,pothole
0.038455,0.047491,-0.048982,normal
0.017128,0.040106,0.036851,normal
2.083872,6.482461,0.049953,bump
-0.001028,-0.007028,0.006784,normal
-3.094162,-5.435083,0.046292,pothole
3.030975,-8.42855,-0.031102,pothole
3.319689,6.362037,-0.041232,bump
0.027776,-0.011884,-0.001826,normal
4.925448,8.666178,-0.008232,bump
-0.004147,0.018883,0.009437,normal
0.048957,0.027693,0.021455,normal
-4.678402,-5.513404,0.013639,pothole
-3.722287,6.573589,0.015348,bump
-2.095555,-8.379541,0.035363,pothole
-0.048045,-0.021956,-0.029061,normal
-3.411599,-9.878185,-0.048556,pothole
-3.548908,5.024792,-0.0232,bump
0.046492,0.014124,0.030879,normal
-0.038899,-0.024638,-0.034211,normal
-3.208936,9.924181,-0.003137,bump
3.668719,-6.586151,0.029952,pothole
-0.041275,0.016582,0.025776,normal
0.002291,0.049619,-0.006479,normal
-0.028084,0.013355,-0.017876,normal
-0.024078,-0.018883,-0.043163,normal
-2.820506,8.619641,0.004277,bump
-3.711232,8.322476,0.038068,bump
0.007496,-0.008672,-0.022671,normal
-0.030542,0.035175,0.028853,normal
-2.568505,-7.524793,0.007142,pothole
-4.791774,-7.968226,0.029408,pothole
3.754474,-7.785849,0.04267,pothole
-0.019397,0.043727,-0.025966,normal
0.027303,-0.048581,-0.0417,normal
-0.029251,0.028517,0.016113,normal
-4.314458,-9.250186,-0.039849,pothole
0.003846,0.012564,-0.041587,normal
-0.032869,0.02226,-0.018108,normal
2.391986,5.870704,-0.035388,bump
-3.112866,8.236967,-0.029889,bump
0.02346,-0.003862,-0.017657,normal
3.487375,8.121115,-0.021376,bump
2.923865,-5.0125,-0.010264,pothole
0.024517,-0.01203,0.010109,normal
-4.636459,-9.784364,-0.028597,pothole
4.043429,8.921611,-0.004041,bump
0.032478,0.00942,0.047589,normal
-4.329955,-7.941459,0.047917,pothole
0.04301,-0.042466,-0.049509,normal
0.014282,0.015051,-0.045022,normal
-4.731127,-8.543315,0.022019,pothole
-0.047372,0.032351,0.044643,normal
-0.049442,0.034775,0.010226,normal
0.008056,0.040142,-0.007175,normal
0.023981,0.023851,0.043573,normal
0.003218,0.034055,0.025397,normal
-4.359828,7.690733,-0.037607,bump
0.030747,0.032659,-0.026941,normal
-0.009351,0.020981,-0.047556,normal
-0.042178,-0.038839,-0.002569,normal
0.031685,0.03958,0.022195,normal
-0.034895,0.029009,0.003712,normal
2.376648,5.182991,0.021367,bump
4.507684,-9.509142,0.038188,pothole
-3.395187,-9.299752,-0.00579,pothole
-0.029586,-0.000186,-0.025645,normal
-2.427164,-5.526306,0.009555,pothole
3.456098,-8.010372,-0.014772,pothole
4.316662,-8.524305,0.019286,pothole
0.002694,-0.010695,0.029723,normal
0.046907,-0.029257,0.021106,normal
2.099166,8.345803,0.017636,bump
3.154643,-5.711117,0.048003,pothole
-0.019696,-0.039096,-0.004348,normal
0.029634,0.027599,-0.011732,normal
0.04558,0.0349,-0.040316,normal
0.016059,-0.030665,-0.00361,normal
-0.027828,-0.022168,0.024469,normal
-0.01184,-0.01452,0.048487,normal
0.028961,-0.02162,-0.013537,normal
0.033827,0.036087,-0.045857,normal
-0.042613,0.017423,-0.014802,normal
-2.445278,8.284083,-0.036084,bump
-0.027652,0.031235,0.016563,normal
0.027817,0.002881,-0.013127,normal
-2.677279,-8.421881,0.018535,pothole
-3.350222,8.242937,-0.034541,bump
-2.773278,-7.413624,-0.000135,pothole
-0.048699,-0.033401,-0.032305,normal
4.907303,9.636523,0.030636,bump
-4.181912,8.269432,0.025571,bump
-4.845387,9.771087,0.01104,bump
0.042252,0.027496,0.035235,normal
4.033442,5.71884,0.030019,bump
0.036001,0.0123,0.044897,normal
-2.373877,-7.634772,-0.001996,pothole
-0.034506,0.042781,-0.033912,normal
0.008783,0.010349,0.026963,normal
4.424712,-8.119759,-0.039797,pothole
-4.306396,-6.552712,-0.011825,pothole
-0.008439,-0.049176,-0.016879,normal
-2.287749,8.786956,0.00546,bump
3.387259,-9.960245,0.040272,pothole
3.24296,-8.206117,0.012616,pothole
-3.12964,-8.025896,0.042704,pothole
-4.43287,-8.153564,0.00638,pothole
-0.001655,0.017258,0.04888,normal
4.357495,6.58052,-0.044715,bump
-0.011902,0.025875,0.040196,normal
-3.86808,-9.300483,-0.033237,pothole
3.824351,9.130606,0.027926,bump
-0.008795,0.002448,0.024476,normal
-0.016126,0.014025,0.025253,normal
4.498999,-7.350439,0.048487,pothole
-0.04654,-0.010089,-0.00822,normal
4.502987,-7.414907,0.04613,pothole
-0.018481,-0.007124,0.028084,normal
0.048856,-0.030951,-0.042137,normal
0.043991,-0.025095,0.000282,normal
2.547095,-7.711439,0.013149,pothole
-0.045965,-0.0297,-0.036052,normal
-3.324011,-7.762408,0.016691,pothole
0.048135,0.04202,0.048148,normal
4.725417,-5.05679,0.01023,pothole
0.044493,-0.025245,-0.046544,normal
0.028621,0.010915,-0.033353,normal
0.022987,0.02632,-0.041544,normal
-0.033808,0.04284,-0.032738,normal
-0.021614,0.036139,-0.0362,normal
0.027695,0.020257,-0.045648,normal
0.004797,-0.036133,-0.029961,normal
-0.037053,-0.041124,-0.033964,normal
3.282824,-7.296617,-0.008123,pothole
3.216094,9.858158,-0.018163,bump
0.036974,-0.046743,-0.01354,normal
-0.023066,-0.019228,0.019153,normal
2.737298,-9.353043,-0.008377,pothole
-3.623672,-6.76286,0.031524,pothole
3.144439,-8.894316,0.034262,pothole
0.031482,-0.000354,-0.039231,normal
-0.024938,-0.007217,0.039167,normal
-3.90802,8.163707,-0.043426,bump
-3.068215,7.011347,0.014851,bump
3.797961,-8.176521,-0.00434,pothole
0.046944,0.038089,0.049369,normal
0.032652,-0.044179,0.010687,normal
-0.011492,-0.00326,-0.017706,normal
0.044685,-0.041421,0.022323,normal
-0.037313,-0.018337,0.033335,normal
3.773061,-9.334405,0.012002,pothole
-2.481469,-6.502916,-0.011804,pothole
0.035092,0.027982,0.010739,normal
0.024662,0.026025,0.01138,normal
0.020555,-0.033971,-0.028361,normal
-3.169892,-8.988943,0.000261,pothole
-0.043773,-0.013356,-0.02866,normal
4.001201,-6.741096,0.003888,pothole
0.011642,0.041459,-0.023715,normal
0.030918,0.020774,0.020366,normal
-0.006471,-0.024799,0.04512,normal
-0.017847,-0.0144,-0.020428,normal
-0.00369,0.00615,0.04799,normal
-4.509037,8.429395,-0.042605,bump
3.254002,9.951165,0.008591,bump
4.976089,6.146662,-0.044961,bump
-3.852409,8.778506,0.024343,bump
-0.002755,0.041277,-0.016434,normal
4.644855,-6.352442,0.001193,pothole
-2.900522,5.258516,0.020616,bump
0.032553,-0.038681,-0.00208,normal
-4.019794,8.501606,0.017278,bump
-0.028575,0.019168,0.006941,normal
0.022474,-0.026749,0.031041,normal
0.048136,0.048838,0.049679,normal
-3.454429,5.904647,-0.041438,bump
0.033008,-0.012611,-0.026589,normal
-2.38162,-5.095372,0.000885,pothole
-0.047825,-0.040035,-0.041381,normal
-3.496613,9.913672,3.1e-05,bump
-3.764664,6.516915,-0.011964,bump
-2.917498,-7.885719,0.007736,pothole
4.30041,-5.961656,0.002041,pothole
3.857571,-9.49844,0.03679,pothole
2.068587,5.961947,0.026404,bump
0.028999,0.040553,0.034457,normal
2.740076,-7.500338,0.040556,pothole
3.910469,8.150969,-0.046014,bump
-0.038457,-0.010604,-0.002049,normal
0.045879,-0.024159,0.03102,normal
2.33249,7.556009,-0.011452,bump
-4.024925,7.458328,0.012921,bump
-0.007982,0.03305,0.006621,normal
-0.027822,-0.003537,0.005817,normal
0.000933,0.029315,-0.048476,normal
0.049015,-0.014819,0.040482,normal
-0.037317,0.008095,-0.024231,normal
-2.437352,7.357503,0.002136,bump
-2.948922,-8.044684,0.027664,pothole
-4.406224,9.047917,-0.014133,bump
0.036927,-0.044208,0.038878,normal
-0.013999,-0.008425,-0.008626,normal
-4.534068,-5.337966,0.014804,pothole
4.961893,6.691717,-0.015126,bump
4.73296,-9.398063,0.014759,pothole
-0.016201,-0.005779,0.029271,normal
0.014133,-0.014568,-0.015009,normal
-0.00482,0.001346,0.007261,normal
-2.680271,7.668438,0.014442,bump
-4.888207,5.1302,0.03192,bump
-2.718887,-8.890302,-0.005862,pothole
-3.796556,6.297047,-0.013177,bump
-0.036589,-0.017642,0.031048,normal
-0.01789,-0.024331,-0.031719,normal
0.018251,-0.039953,0.021229,normal
0.032521,-0.017854,-0.03895,normal
0.018922,0.026154,0.037275,normal
3.351602,7.958454,-0.030073,bump
-0.002146,-0.000429,-0.027933,normal
4.918082,6.689967,0.014981,bump
-0.024216,-0.015285,0.003636,normal
2.738467,-5.396619,-0.039513,pothole
4.693645,-7.534942,-0.030241,pothole
-4.22931,-7.165155,0.005365,pothole
0.028335,-0.044608,0.040805,normal
4.1e-05,-0.017498,0.025785,normal
4.063567,7.455212,-0.027102,bump
-3.276759,9.671263,-0.018301,bump
2.840452,5.579402,-0.012962,bump
0.000201,-0.011968,-0.007705,normal
-2.240156,8.712234,0.043085,bump
0.024243,-0.03032,0.029333,normal
-3.768761,-9.996974,0.005532,pothole
0.002179,-0.021508,-0.017191,normal
0.037632,-0.026535,-0.001988,normal
3.135978,6.473013,0.030064,bump
-0.038537,0.018019,-0.004067,normal
0.013086,-0.002778,-0.02435,normal
-0.025928,-0.04512,0.005858,normal
-2.619787,8.064778,0.027208,bump
-0.020117,-0.001431,0.042824,normal
-4.756657,7.020722,0.014139,bump
2.05952,8.986046,-0.006946,bump
0.017637,-0.04349,-0.039528,normal
0.045995,-0.017603,0.045411,normal
-0.009141,-0.042922,0.042522,normal
4.799463,-8.879266,-0.01468,pothole
0.010369,-0.023893,0.004655,normal
-0.008073,-0.0021,0.036842,normal
2.863022,5.646692,0.044921,bump
0.01557,0.039717,-0.040076,normal
2.405553,5.128131,0.036991,bump
-0.02967,0.006873,0.003879,normal
-4.566251,-9.808281,-0.032807,pothole
-0.002914,0.000106,0.026525,normal
2.750585,-9.352703,-0.033285,pothole
-2.761196,-6.201862,-0.019452,pothole
-2.094417,8.181484,-0.039958,bump
0.013092,-0.039618,-0.022733,normal
0.01249,0.031117,-0.009141,normal
-3.039815,8.972858,-0.023409,bump
4.815525,8.2577,0.030658,bump
-3.996991,-5.923926,0.039859,pothole
2.323872,-9.535099,-0.004636,pothole
3.547574,7.45657,0.034641,bump
0.034757,-0.00013,-0.025081,normal
0.003128,0.033939,0.036787,normal
-0.001786,0.015459,0.028284,normal
-0.044951,0.041989,-0.009869,normal
3.828111,7.005068,0.042654,bump
-2.365012,-5.033171,0.048348,pothole
-0.005018,0.010653,0.013713,normal
2.953075,-5.612876,0.005928,pothole
3.766119,-9.090711,0.020146,pothole
-0.010154,0.035145,-0.027008,normal
2.334551,8.220322,-0.028733,bump
-0.046713,-0.020688,0.032865,normal
-2.015774,-5.239793,0.005196,pothole
-2.314079,7.545797,-0.008912,bump
-3.92762,-8.768478,-0.019161,pothole
-3.18596,-8.453954,-0.031204,pothole
0.040341,0.019294,-0.031299,normal
3.202179,-7.787335,0.005009,pothole
0.048846,-0.008162,-0.019839,normal
4.061455,-7.459342,0.036294,pothole
3.569998,-8.840671,0.049457,pothole
0.013816,0.044952,0.025321,normal
2.169746,5.159513,0.002446,bump
-2.182047,-7.086654,-0.048045,pothole
2.357229,7.508697,0.031047,bump
0.009348,0.009441,0.046375,normal
0.009269,0.043641,-0.015317,normal
0.012925,0.049939,0.003176,normal
0.004091,0.044548,0.008431,normal
0.008026,-0.035396,-0.018091,normal
0.037248,-0.008828,0.015045,normal
0.030753,0.022074,0.011388,normal
0.038072,-0.036807,-0.014129,normal
-4.387068,8.015032,-0.00298,bump
0.046586,0.048168,-0.01601,normal
-4.576833,7.852032,0.011839,bump
-3.138184,-5.92238,-0.039486,pothole
4.082045,-8.926225,0.038968,pothole
-3.500241,9.378243,0.023027,bump
-0.039237,-0.045227,0.004376,normal
0.010924,0.014095,-0.018999,normal
-0.007395,0.031979,-0.040854,normal
-0.010498,-0.022348,0.022418,normal
3.290018,-6.85791,-0.011129,pothole
2.598981,-5.826347,-0.008795,pothole
2.175991,-5.879043,0.025921,pothole
-0.039221,0.021104,0.038268,normal
-4.910404,-9.613838,0.011909,pothole
-0.006193,-0.041117,-0.026502,normal
4.016001,5.017903,0.004273,bump
3.406263,6.010066,0.032803,bump
0.041441,0.00754,0.045575,normal
3.418828,-9.655066,-0.019248,pothole
-2.67116,9.512152,0.009659,bump
-0.001024,-0.039477,-0.029288,normal
-0.02497,-0.040017,0.01078,normal
2.123963,6.745771,0.00496,bump
3.252795,9.023079,-0.024903,bump
-0.046244,0.012834,0.044,normal
0.022862,-0.003883,0.002695,normal
-0.02557,-0.011628,-0.01281,normal
0.006487,0.044338,-0.022233,normal
-0.005118,-0.015054,-0.002382,normal
2.688344,-9.371862,-0.013812,pothole
3.970101,-9.868813,0.017512,pothole
2.71716,-7.018623,0.030092,pothole
3.562613,5.512011,0.037072,bump
3.164867,-7.608264,0.017655,pothole
3.867632,5.100858,0.032117,bump
-2.258467,-8.220652,0.019718,pothole
0.043779,0.048657,0.045398,normal
-0.0499,-0.039441,-0.016321,normal
-4.199869,6.576105,0.047188,bump
3.917862,6.027316,0.032007,bump
4.726937,-5.829646,-0.01353,pothole
-4.530601,-9.354072,0.004505,pothole
0.042527,-0.041208,0.003985,normal
2.81808,8.171687,0.019127,bump
-3.082928,-8.343837,-0.044306,pothole
4.663159,-6.976061,0.034839,pothole
-0.035197,0.006202,0.044837,normal
-0.002404,-0.024137,0.033201,normal
-0.00797,0.045927,0.00431,normal
3.9073,-8.897644,0.049291,pothole
0.028341,-0.041773,-0.031849,normal
-3.918481,-6.266055,-0.019288,pothole
-0.018664,0.027214,0.043807,normal
-3.929708,9.282914,0.037753,bump
4.981212,-7.843863,-0.015602,pothole
-0.044985,7e-05,-0.043174,normal
-0.017506,0.023506,0.041369,normal
4.760069,-5.221072,-0.010342,pothole
-4.015614,5.177281,-0.018738,bump
0.011003,0.022064,0.033696,normal
3.463357,9.044209,0.038738,bump
-3.238819,5.737188,0.011459,bump
0.045605,-0.01099,-0.03206,normal
0.037538,0.00662,0.040705,normal
4.112716,-8.881839,0.008105,pothole
-3.250029,7.981975,0.028482,bump
-0.045201,0.029991,-0.023894,normal
-3.990739,-8.651828,0.008001,pothole
0.034912,0.044222,0.030366,normal
4.621162,-8.54984,0.028259,pothole
-0.014565,0.034199,-0.018252,normal
0.030302,0.010522,0.038597,normal
4.548667,8.792908,-0.007415,bump
-3.747234,5.76228,0.013612,bump
0.045774,-0.034143,0.027025,normal
0.011831,-0.040195,0.0061,normal
4.237014,9.114507,0.047094,bump
0.009368,-0.006043,-0.020624,normal
-4.913862,-5.686346,-0.017244,pothole
3.649135,-6.25699,0.009022,pothole
0.034128,0.049717,0.041489,normal
2.496578,9.699851,-0.013512,bump
-0.010487,0.038608,-0.0469,normal
4.734708,-5.758348,0.006023,pothole
-0.024516,-0.025541,-0.013656,normal
-0.019384,-0.01643,-0.002071,normal
-4.598997,-7.54642,-0.027572,pothole
-0.010906,0.039304,0.022921,normal
2.173579,6.71274,-0.024825,bump
-0.004175,0.031502,0.00955,normal
-3.624477,9.090261,0.04975,bump
-2.063585,-7.054216,0.010522,pothole
-4.973053,-6.047471,0.049655,pothole
3.215095,7.898611,0.028561,bump
0.003551,-0.027581,0.023829,normal
3.566346,5.697971,-0.005957,bump
-4.721609,7.998294,-0.04226,bump
0.024798,-0.011604,0.037388,normal
-0.013371,-0.036562,-0.009403,normal
-4.778816,8.821504,0.028109,bump
0.041741,-0.005551,0.026082,normal
-0.001502,-0.004373,0.037889,normal
0.030285,0.025453,0.049588,normal
-0.016778,-0.005848,0.021993,normal
-0.030107,-0.012134,0.023142,normal
4.574477,7.222231,-0.024519,bump
4.800199,7.077824,-0.005179,bump
3.983256,-8.368231,-0.009379,pothole
-2.678391,-6.081196,0.004529,pothole
-0.033127,-0.040473,0.046648,normal
2.843665,9.471451,0.015128,bump
-0.021111,0.002838,-0.026669,normal
0.034215,-0.033715,-0.028717,normal
-0.001386,0.043716,-0.000924,normal
0.017357,-0.047495,0.025371,normal
-0.003748,-0.039755,-0.009101,normal
2.409814,8.254282,-0.02187,bump
-2.615353,-7.478624,0.036727,pothole
0.019911,-0.032042,-0.017076,normal
0.046616,0.001534,0.009858,normal
-3.357009,8.533631,0.048755,bump
-2.201524,7.077945,0.014633,bump
-4.465948,-6.271209,0.006274,pothole
3.691965,5.978532,-0.030953,bump
-3.312148,9.856405,-0.03849,bump
-2.749482,8.394995,-0.038261,bump
0.022824,0.020682,-0.022774,normal
-0.019683,0.004981,0.027542,normal
-0.020476,0.020056,0.038139,normal
-0.026155,0.012001,-0.015955,normal
-0.009518,-0.006479,0.030739,normal
0.032933,-0.047395,0.010748,normal
0.011676,0.030588,-0.033661,normal
-0.04187,-0.03632,0.01466,normal
-0.044479,0.041264,-0.007011,normal
-4.629201,-6.541913,0.033718,pothole
4.869813,7.532639,-0.031837,bump
-0.042961,0.013025,-0.030242,normal
-2.802879,-5.747553,-0.049396,pothole
-3.062533,9.744934,0.002798,bump
-3.489706,9.93757,0.021248,bump
2.627195,7.651595,0.026146,bump
0.014736,-0.016101,0.042814,normal
-0.003145,0.045667,-0.00499,normal
-0.036784,0.034953,-0.028928,normal
0.018523,-0.017845,-0.030797,normal
-0.022441,-0.035916,-0.048135,normal
0.025579,0.020429,-0.003806,normal
0.048836,0.037677,-0.035485,normal
-3.855501,6.745214,0.049148,bump
0.030074,-0.006886,0.008069,normal
3.657579,-7.314233,0.025328,pothole
-2.290724,7.294041,-0.005088,bump
4.080062,9.492875,-0.00219,bump
0.013892,0.006561,-0.026747,normal
2.281773,-8.501823,0.015924,pothole
4.111542,-7.651618,-0.021471,pothole
-2.676294,8.842892,-0.008894,bump
-0.008398,0.024902,0.028391,normal
2.827159,9.805846,-0.005985,bump
-0.032895,-0.017234,-0.018191,normal
-3.753279,7.081148,0.01207,bump
-3.230952,-5.315262,0.022604,pothole
0.025053,-0.018965,0.026904,normal
-0.001652,0.015825,-0.04173,normal
-0.000848,-0.032039,4e-05,normal
3.822702,-7.389808,-0.033839,pothole
-0.031679,0.008461,-0.000821,normal
0.022558,-0.008183,-0.01115,normal
-2.11893,8.421754,-0.022187,bump
-2.529367,-5.184622,-0.048072,pothole
-0.029085,-0.044479,-0.012661,normal
3.604157,-8.139529,0.010152,pothole
-0.049623,0.004458,0.013234,normal
-0.036408,-0.015959,0.044556,normal
4.19677,-6.03607,0.043419,pothole
-0.021088,0.007343,0.034295,normal
-3.687711,-7.054802,-0.003859,pothole
0.00188,-0.034423,0.026783,normal
0.004542,-0.031818,-0.011278,normal
-0.038007,-0.034359,-0.028377,normal
0.038204,0.025417,-0.003679,normal
4.081779,-7.424797,0.042479,pothole
0.028607,-0.017674,-0.035591,normal
-2.965171,9.004162,0.01378,bump
0.025158,-0.024973,-0.024771,normal
-2.421165,-9.337904,0.049103,pothole
-2.127987,7.247009,-0.017523,bump
-4.040822,8.440141,-0.02293,bump
0.003501,-0.018644,-0.024312,normal
0.040701,-0.033948,-0.04473,normal
3.51619,7.488101,0.019376,bump
-0.015184,0.030824,0.039743,normal
-3.590232,-5.523309,-0.02972,pothole
0.033303,-0.018616,0.003214,normal
-0.006738,0.001076,0.018249,normal
-0.032287,0.022364,-0.003729,normal
-0.024539,0.018818,-0.028236,normal
-0.025406,0.018591,-0.00952,normal
0.016811,-0.03076,0.028293,normal
-0.011832,0.004812,-0.011944,normal
-3.010189,-9.351829,-0.04625,pothole
-0.046241,-0.028395,0.021628,normal
-0.024543,0.001572,0.023892,normal
0.019172,-0.037775,-0.014169,normal
0.046956,0.003407,-0.013884,normal
3.97876,6.049486,-0.017219,bump
4.094101,-7.211999,-0.029026,pothole
-3.715575,-8.742418,-0.031745,pothole
-0.04404,-0.01076,-0.047332,normal
0.026411,0.009107,0.003295,normal
-3.833255,-8.501965,-0.015866,pothole
3.575974,6.097144,0.045137,bump
-3.288757,6.982619,0.036389,bump
3.567991,8.607186,-0.031261,bump
3.574157,-9.044753,0.03083,pothole
0.025339,0.020668,-0.003028,normal
0.037577,0.018243,0.026922,normal
-0.022745,-0.009002,0.01562,normal
0.04041,-0.045911,-0.02581,normal
-2.004324,6.168108,-0.010415,bump
4.17483,-9.502667,0.006662,pothole
4.454037,-5.396194,-0.017691,pothole
4.270791,-9.6454,-0.005146,pothole
-0.042041,0.023725,0.016718,normal
-0.048422,0.034542,-0.027546,normal
0.02654,0.015197,-0.005485,normal
0.02952,-0.018926,0.038702,normal
4.460511,-5.210439,-0.047875,pothole
-0.010741,-0.010213,0.007004,normal
0.049233,-0.003102,-0.037401,normal
-0.035415,0.026947,0.014029,normal
-3.319616,8.933465,0.035349,bump
-0.023407,-0.021387,0.033206,normal
0.040477,0.014735,-0.042782,normal
0.019986,0.010266,-0.017866,normal
0.018578,-0.010273,-0.038897,normal
-4.374224,9.486908,0.032489,bump
4.446986,-6.594601,-0.015643,pothole
-0.018599,-0.010995,0.001298,normal
-0.031762,-0.026999,-0.025011,normal
2.026883,8.423341,-0.010369,bump
0.011211,-0.030283,-0.034888,normal
-0.020283,-0.006826,0.015844,normal
0.035757,-0.027643,0.03295,normal
-0.006259,0.004577,-0.0457,normal
2.830365,7.920636,0.036598,bump
3.934395,-9.080628,0.006329,pothole
3.249592,8.147396,-0.031405,bump
-0.02739,0.02997,-0.024218,normal
-3.639617,-6.535475,0.045167,pothole
3.901357,7.332249,0.003715,bump
2.034292,7.562333,0.026237,bump
0.033375,0.022705,0.043219,normal
-2.211295,-7.198118,-0.024834,pothole
-0.017304,-0.034651,0.024942,normal
-0.007297,0.009928,0.022562,normal
-2.348353,6.30272,-0.0208,bump
-4.071102,9.282768,-0.045748,bump
3.000847,5.869899,-0.004918,bump
0.045834,0.046149,-0.003245,normal
2.801756,-5.731911,-0.041619,pothole
-4.427205,-9.360485,-0.023285,pothole
-2.302215,9.565387,0.045262,bump
-2.540844,6.155403,-0.010325,bump
0.012671,0.029526,0.031065,normal
-0.005209,-0.015209,0.010183,normal
3.374478,-8.976028,0.040196,pothole
-2.974689,8.547808,-0.049423,bump
-0.012297,-0.019912,-0.04,normal
3.830368,7.914338,0.017188,bump
-3.263602,-8.748624,0.018863,pothole
-2.96371,-7.993551,-0.024916,pothole
-3.14608,-5.307894,0.045626,pothole
-3.715254,5.905893,0.04492,bump
-0.004784,0.029138,0.048417,normal
-0.043615,0.014435,-0.025646,normal
-0.014096,-0.007815,-0.01919,normal
-4.03263,9.773101,0.019191,bump
-0.036558,0.047167,-0.018249,normal
2.706524,7.10778,-0.040722,bump
4.605464,6.153855,0.048792,bump
-3.406795,7.820177,0.0013,bump
3.063158,9.442382,-0.007769,bump
-2.438503,-5.156023,0.015843,pothole
0.024629,-0.008237,0.018628,normal
0.019166,0.032251,-0.020995,normal
0.013946,0.028499,0.024644,normal
4.535783,6.07818,0.006654,bump
-0.004968,-0.028689,-0.046935,normal
2.253653,-5.826179,0.046769,pothole
-0.02665,0.037236,0.032865,normal
-4.79099,-6.646587,-0.01417,pothole
-2.435126,5.077209,0.044065,bump
3.78252,-7.846115,0.001857,pothole
4.113674,8.184175,0.003598,bump
-3.139161,5.697213,0.001881,bump
-4.834953,-8.852549,0.01311,pothole
3.055395,6.792715,0.029518,bump
0.006818,-0.02994,0.002114,normal
0.019407,0.022164,-0.032603,normal
-0.01487,-0.015984,-0.012298,normal
2.083217,7.945795,0.016241,bump
-4.957429,9.743962,0.043126,bump
-0.013855,0.030641,0.032421,normal
-0.025595,-0.005423,-0.032102,normal
3.061532,-6.316395,-0.018349,pothole
4.6581,8.818595,0.035687,bump
-0.010572,0.001338,0.011574,normal
-3.3277,5.640455,-0.007972,bump
0.000366,0.048114,0.048135,normal
0.030751,0.029895,0.003799,normal
0.035873,-0.049209,0.038331,normal
-0.012124,-0.023056,-0.027393,normal
-0.02554,0.018945,-0.036223,normal
-2.360192,9.444312,-0.024887,bump
-4.270674,6.237582,0.005139,bump
0.001229,-0.049776,-0.038472,normal
-2.868253,6.453062,-0.014126,bump
0.000863,0.03962,-0.015777,normal
-0.047808,-0.016231,0.035626,normal
-0.030103,0.001957,0.019203,normal
3.102132,7.091986,-0.026047,bump
-2.088018,-7.098868,-0.031181,pothole
3.932761,-9.616836,-0.039514,pothole
2.242019,-8.473496,-0.014314,pothole
-3.940259,-6.539513,-0.046949,pothole
-0.024822,-0.017093,-0.040293,normal
-0.021664,-0.039009,-0.049147,normal
-0.043075,0.012904,0.044838,normal
-2.877327,-7.357981,0.02783,pothole
4.341912,5.586142,0.006313,bump
-0.012349,-0.042484,0.021135,normal
2.227301,7.125496,0.000271,bump
-2.072345,5.147167,-0.023555,bump
0.004554,-0.046226,0.041907,normal
-0.049157,0.049699,0.004781,normal
4.07775,-5.423153,-0.009253,pothole
-4.791528,-7.321634,-0.039994,pothole
-2.024657,9.098667,0.012181,bump
0.003374,-0.01078,-0.012645,normal
-0.022697,-0.026824,0.015652,normal
-0.006153,-0.033835,-0.026634,normal
4.946492,-5.750458,-0.044174,pothole
0.022971,0.027148,-0.01351,normal
0.033237,-0.008405,0.045652,normal
4.639044,9.542043,-0.015234,bump
0.014817,0.022317,0.041664,normal
-2.160412,6.002068,-0.01148,bump
0.033925,-0.008005,0.045574,normal
-0.023515,0.04878,0.046732,normal
-2.661945,8.166562,-0.032243,bump
0.037751,-0.030562,0.021554,normal
2.36938,5.352724,0.008074,bump
-3.334232,8.638397,0.037166,bump
0.047335,-0.009727,0.039381,normal
2.749016,7.862372,0.041648,bump
2.333863,-7.955089,0.042775,pothole
0.039901,0.040004,-0.043298,normal
-0.0418,0.00285,0.038621,normal
-0.007421,0.033139,0.017262,normal
0.022267,0.026231,0.021739,normal
3.145931,6.733895,0.019226,bump
-3.297526,8.711145,0.009672,bump
0.023232,0.029156,-0.048734,normal
-0.047554,0.018355,0.044607,normal
2.26779,-8.698668,0.046359,pothole
-0.008071,-0.005276,0.005769,normal
0.030621,0.023396,-0.023775,normal
-0.04899,-0.045219,0.039831,normal
0.024231,-0.009536,0.006772,normal
-0.037827,-0.010675,-0.045627,normal
-0.0208,-0.039582,-0.044488,normal
-0.011853,-0.032962,0.039704,normal
-0.020754,-0.021871,0.01842,normal
2.613776,8.364505,0.048331,bump
4.579575,-6.661735,-0.049981,pothole
0.035457,-0.013111,0.005496,normal
-0.028247,0.008434,-0.009779,normal
0.01364,0.049163,0.022013,normal
-0.016033,-0.00826,-0.005899,normal
-0.006736,-0.011608,-0.040424,normal
2.240572,-6.338486,-0.017521,pothole
0.024808,-0.023711,0.040257,normal
0.028628,-0.007483,0.015347,normal
-0.045288,0.021921,-0.044471,normal
-0.016557,-0.015493,0.025598,normal
4.317511,-8.347254,0.026369,pothole
2.409747,5.187872,0.004618,bump
4.927077,-9.244093,-0.025747,pothole
-3.057414,-7.139248,0.038311,pothole
0.011115,0.001543,0.047957,normal
0.028787,-0.019749,0.019607,normal
0.035235,-0.001306,-0.04106,normal
-4.990492,-8.825068,0.023661,pothole
0.010108,-0.019432,-0.028396,normal
-3.250036,8.19797,-0.003959,bump
4.353629,9.249893,-0.004486,bump
-0.019967,-0.033141,-0.030601,normal
-3.098104,-7.363026,0.005911,pothole
-2.670057,7.450282,-0.047218,bump
0.04032,-0.014832,-0.040479,normal
2.213458,-8.409436,0.033916,pothole
0.037754,0.038111,0.03381,normal
2.196945,7.468124,-0.042088,bump
-4.326877,9.080865,-0.021522,bump
2.872717,-9.040115,-0.004474,pothole
0.047501,0.031705,0.046572,normal
0.036463,0.025735,0.037304,normal
-3.478731,-7.421797,0.008471,pothole
0.013058,-0.015999,0.016882,normal
-0.018947,-0.035227,-0.021587,normal
0.004816,-0.039887,0.017593,normal
2.750721,-9.565116,-0.006211,pothole
0.008096,0.037026,0.023247,normal
4.43867,-7.506899,0.042583,pothole
-3.551455,-6.325393,0.019676,pothole
-3.958764,7.550773,-0.023031,bump
-4.389889,-8.681179,0.028876,pothole
2.209873,-6.426857,-0.002276,pothole
-2.468794,-8.857555,0.042396,pothole
4.960341,8.533608,0.034792,bump
-0.045514,0.002469,0.004186,normal
3.725067,8.133867,0.040224,bump
3.861531,-6.024761,0.038581,pothole
-4.299728,6.105606,0.047434,bump
4.767448,-9.764547,-0.003526,pothole
-3.063734,6.742989,-0.044235,bump
-0.032304,-0.019767,-0.001866,normal
-0.030241,-0.005579,0.017764,normal
-0.017171,-0.046139,-0.018156,normal
0.020942,0.02157,-0.023896,normal
-4.239379,-5.832018,0.004645,pothole
0.034966,-0.029603,0.037428,normal
4.263508,-5.649148,0.040032,pothole
0.046667,-0.046343,0.048552,normal
-2.186332,5.493168,0.004107,bump
-3.981078,-8.716898,-0.025249,pothole
-0.00725,-0.029921,-0.017184,normal
0.005175,0.016507,-0.048122,normal
3.515754,-9.185043,0.008193,pothole
2.600081,6.685501,-0.02076,bump
2.510376,8.984041,0.039059,bump
0.016989,0.003665,-0.023663,normal
-3.042525,6.534192,-0.02617,bump
2.156584,5.990192,0.009098,bump
0.024433,-0.011838,-0.00275,normal
-0.019307,-0.029851,0.001873,normal
0.016654,0.003711,-0.046103,normal
4.008255,-9.126557,-0.018561,pothole
0.041446,-0.043547,0.040089,normal
-0.022044,-0.027357,-0.001077,normal
-0.042281,-0.002358,-0.009427,normal
0.004482,-0.024217,-0.012296,normal
-2.491594,6.852663,-0.017279,bump
0.012401,0.015743,0.037938,normal
2.555521,-6.713803,-0.034013,pothole
0.000123,-0.030269,-0.041866,normal
3.13553,-8.983256,0.037592,pothole
3.850228,-9.753104,0.041377,pothole
-4.930296,-8.076853,0.039929,pothole
0.04439,0.021713,-0.012457,normal
0.048942,-0.04903,0.023739,normal
0.008951,0.017261,-0.01295,normal
-4.66716,-9.573256,0.045931,pothole
-0.014555,-0.026665,0.03592,normal
-0.006998,-0.048593,-0.038347,normal
-0.000141,0.022221,0.036588,normal
0.018149,-0.019167,0.039224,normal
4.226614,8.571313,0.028769,bump
2.648236,6.062657,-0.010064,bump
-0.019388,-0.019763,0.041192,normal
3.994997,-9.425296,-0.030491,pothole
3.27261,9.457124,-0.032288,bump
-2.45059,9.009993,0.000538,bump
-3.533247,-8.807259,0.037514,pothole
-3.884725,9.640348,0.019604,bump
0.025788,-0.038834,0.017066,normal
-0.035262,-0.006843,0.044534,normal
-0.025657,-0.043101,0.039949,normal
-0.048073,0.015732,-0.002309,normal
3.555458,5.500736,-0.002174,bump
-0.03628,-0.049495,0.003263,normal
0.023454,-0.046885,0.021065,normal
0.011477,-0.020715,0.03576,normal
-0.031705,-0.017795,0.01736,normal
-4.808312,9.46878,0.012688,bump
-4.378869,-8.809339,-0.043181,pothole
4.848549,-7.214547,-0.012157,pothole
-2.794415,-6.861466,0.027783,pothole
-3.747263,6.7092,-0.016473,bump
-2.040734,8.97336,-0.047405,bump
-0.040328,0.031845,-0.00258,normal
0.010169,0.001626,0.02062,normal
0.031116,-0.010205,-0.041602,normal
-4.783412,5.939274,0.014077,bump
4.102612,-8.605743,0.040412,pothole
-4.583228,-5.282405,-0.030577,pothole
2.227837,8.957458,0.020205,bump
-0.01503,0.043326,0.028186,normal
0.022417,0.021955,0.043716,normal
3.50879,5.575211,-0.005921,bump
0.010652,-0.04628,-0.014949,normal
0.039252,0.02846,0.003024,normal
-0.013681,-0.032218,0.006129,normal
0.025557,-0.0442,-0.005332,normal
-0.032012,0.030001,-0.026651,normal
-0.010292,-0.040401,-0.034599,normal
-0.028881,0.044249,-0.032999,normal
-0.033094,0.031955,0.040921,normal
3.655766,-8.196248,-8.8e-05,pothole
-2.63478,5.462788,0.013611,bump
2.152682,5.310898,-0.017256,bump
-0.016795,0.023737,0.022436,normal
-3.372531,6.023708,-0.043154,bump
3.329485,-6.726954,-0.017614,pothole
2.271447,6.412309,-0.022804,bump
0.044343,0.035377,-0.016692,normal
0.002601,0.039871,0.001075,normal
-4.475313,-5.758227,-0.035913,pothole
2.628218,9.726257,0.023971,bump
4.652022,8.761995,-0.03083,bump
-3.293384,-8.887403,0.038115,pothole
-3.5267,8.621156,-0.013722,bump
4.695621,7.612177,0.003543,bump
-0.020064,-0.001367,-0.028346,normal
-4.565112,6.000006,-0.032548,bump
-4.134635,-7.083204,-0.048961,pothole
-4.076083,5.354406,-0.020591,bump
0.035455,-0.024723,0.017008,normal
0.048708,0.006427,0.028706,normal
0.000988,0.016193,-0.02203,normal
4.633237,6.163757,-0.006905,bump
-3.351788,5.483539,0.014889,bump
-3.007858,-9.53188,0.039484,pothole
3.496919,-7.36432,-0.035438,pothole
0.005286,0.046992,0.021052,normal
-2.675834,5.759477,0.032829,bump
3.119706,-6.039523,0.04669,pothole
2.385157,5.220433,0.000514,bump
0.001406,-0.007005,-0.039559,normal
-0.011501,-0.005485,-0.025595,normal
0.006433,-0.018206,-0.009263,normal
-0.049664,-0.008801,-0.010066,normal
3.251798,-8.774589,-0.044831,pothole
0.007593,0.034266,0.047575,normal
0.028841,0.017951,-0.040809,normal
-3.091915,8.259062,-0.048703,bump
2.050756,8.434654,-0.021725,bump
-4.632508,5.165504,-0.026011,bump
3.471985,-5.52855,-0.007848,pothole
-3.895973,5.799415,-0.016291,bump
4.914282,9.186678,-0.000911,bump
-2.84314,-7.595151,0.003521,pothole
-4.255554,5.576518,-0.029485,bump
0.02243,-0.025405,0.007098,normal
-0.024382,-0.003759,-0.007212,normal
0.043585,0.007117,0.023676,normal
3.494756,8.486764,0.012134,bump
2.589408,9.129168,0.015274,bump
0.034242,0.006169,0.038949,normal
-0.01377,0.04062,0.024056,normal
-4.969186,-7.393722,-0.046821,pothole
0.044516,0.016428,-0.04087,normal
2.553928,-6.96052,0.045023,pothole
-0.000169,-0.018175,0.026261,normal
3.835157,-6.726667,0.011029,pothole
3.40208,6.641845,0.027876,bump
-0.007268,0.043322,0.033132,normal
-0.023262,0.028105,-0.041814,normal
-2.814577,6.420995,0.035526,bump
3.003294,-9.667607,-0.047302,pothole
-4.998027,-9.820898,-0.042389,pothole
0.022503,-0.006716,0.040614,normal
0.041866,-0.026857,-0.042296,normal
3.137712,-6.569262,0.003659,pothole
0.027567,0.000651,0.019344,normal
0.032027,-0.023624,-0.00153,normal
0.012304,0.030374,-0.046584,normal
2.908953,-6.890894,0.000801,pothole
2.401616,-6.480847,0.025054,pothole
3.486999,-9.53422,-0.003901,pothole
-0.036891,0.046652,-0.024036,normal
-0.048068,0.03789,0.014215,normal
2.663506,-9.082102,-0.002189,pothole
0.034778,0.039049,0.024091,normal
2.857415,-7.279871,0.04975,pothole
0.040942,-0.015046,-0.000244,normal
4.668,8.363071,0.034155,bump
3.116084,7.82944,-0.032171,bump
-3.527112,-9.636422,-0.027082,pothole
4.03762,9.609283,-0.01057,bump
0.014551,0.037428,0.037427,normal
0.015841,-0.02672,-0.009517,normal
0.038158,0.009565,-0.000484,normal
3.13682,-5.398938,0.003652,pothole
-2.812349,-9.396686,-0.022599,pothole
4.458807,5.894694,0.03598,bump
0.006938,0.006381,0.003576,normal
-0.007586,-0.039091,0.000117,normal
2.889969,-7.148276,0.013121,pothole
-0.035494,0.048828,0.044292,normal
4.505883,-8.771323,-0.02894,pothole
-3.543671,-7.233356,0.02288,pothole
0.008241,0.035259,-0.012186,normal
0.042944,0.021477,-0.016349,normal
3.249204,9.242578,0.013202,bump
0.017197,0.007277,-0.046031,normal
0.043442,0.027842,-0.015806,normal
4.691626,5.874992,0.006752,bump
0.037103,0.006825,0.03854,normal
0.037961,-0.033113,-0.002628,normal
-4.663196,9.667085,0.049701,bump
-3.682139,6.996304,0.013972,bump
-2.001363,-6.60224,-0.01284,pothole
-0.031903,-0.04077,0.011237,normal
0.01309,0.028559,-0.028068,normal
4.284226,5.320382,-0.00311,bump
0.048619,0.023057,0.010662,normal
-0.027973,0.0458,0.033504,normal
-0.018291,0.017046,0.021515,normal
0.000737,0.039927,-0.037934,normal
3.362261,-9.608514,-0.02242,pothole
-0.039245,0.01003,0.036248,normal
0.015916,-0.035833,0.048397,normal
-0.000634,0.02765,-0.037328,normal
2.344092,9.926448,-0.035635,bump
-0.001886,0.003725,0.001655,normal
0.020448,0.018184,0.007086,normal
-3.688077,6.567487,0.022923,bump
-0.02782,0.030298,-0.048834,normal
-0.00511,0.002217,0.001427,normal
0.041747,-0.048262,-0.002359,normal
3.211137,-9.877628,0.048124,pothole
0.03197,-0.020779,0.041067,normal
2.042042,-5.342339,-0.048784,pothole
3.117689,-5.69495,-0.015513,pothole
-0.017875,0.047316,-0.028776,normal
-0.042827,-0.04515,0.043319,normal
0.049686,-0.006107,0.038496,normal
-4.251937,-5.65176,-0.019767,pothole
0.035556,-0.023951,0.018959,normal
-2.056369,-8.764315,0.042246,pothole
2.117372,6.296735,0.018632,bump
0.012607,0.045636,-0.018713,normal
4.952356,-8.10908,0.018252,pothole
0.017194,-0.007231,0.02499,normal
-4.533341,-6.876711,-0.026716,pothole
-0.002542,-0.037839,0.011714,normal
0.043111,0.023826,-0.005094,normal
-0.036994,-0.040278,-0.012549,normal
2.746076,-5.206579,-0.00678,pothole
-4.581323,9.153414,-0.03143,bump
-3.469626,8.139103,0.022746,bump
-0.015368,-0.039467,-0.035187,normal
0.0449,-0.038139,-0.034422,normal
0.004467,-0.028151,-0.048703,normal
0.011856,-0.02143,-0.03841,normal
-2.822563,7.836215,-0.014656,bump
3.531482,-8.81836,0.00489,pothole
-0.015115,-0.036265,-0.043075,normal
-4.933655,-5.481705,-0.034462,pothole
-0.03372,0.019747,-0.023252,normal
4.333828,6.049446,0.03995,bump
0.028076,-0.004526,0.006098,normal
2.959615,-7.088134,0.017114,pothole
-0.008195,-0.049463,0.017303,normal
3.900916,7.090404,0.034284,bump
-2.384375,5.72719,0.006633,bump
-0.012417,-0.020864,0.030693,normal
-4.194656,-6.845601,0.024092,pothole
0.019269,-0.012233,0.041493,normal
0.019501,-0.001999,0.032622,normal
3.499515,6.8893,-0.033808,bump
-0.018793,-0.031229,0.04271,normal
0.018502,-0.026222,0.020612,normal
-0.048196,-0.035409,0.010291,normal
-0.002259,-0.024264,0.043926,normal
2.992872,6.04374,0.009539,bump
0.035923,-0.002026,-0.022079,normal
-0.037575,0.034524,-0.001354,normal
-0.027007,0.042673,-0.000416,normal
-3.06972,9.52696,-0.049306,bump
0.001603,-0.031244,0.039809,normal
0.010719,-0.02726,0.017264,normal
4.253223,-5.058895,0.015042,pothole
2.794494,-9.51068,0.030357,pothole
-0.008377,-0.027839,0.049975,normal
0.015543,-0.042243,-0.007078,normal
-2.797613,7.713537,-0.036535,bump
4.203813,-6.564507,-0.005727,pothole
0.006122,0.030399,0.028252,normal
2.40792,5.567314,0.042563,bump
-2.745584,-6.52987,-0.028708,pothole
2.675737,9.215092,0.036259,bump
4.67725,-5.017368,-0.033368,pothole
-0.021868,-0.032895,0.014911,normal
3.494039,-6.658286,-0.033035,pothole
0.038033,0.005418,0.020079,normal
-4.242036,-5.770676,0.020334,pothole
0.041888,0.045098,-0.019475,normal
-0.042651,-0.048945,0.016299,normal
-3.998219,-5.418509,-0.022224,pothole
-0.029987,-0.013524,-0.008798,normal
-4.122152,-9.245343,0.020513,pothole
-3.739155,-5.857737,0.014427,pothole
3.729853,-6.78232,0.041755,pothole
2.198955,8.813623,-0.049599,bump
0.030928,-0.037831,-0.035882,normal
0.046138,0.005733,0.040562,normal
-4.513558,-8.936993,0.041358,pothole
0.017457,-0.042176,0.045632,normal
0.012019,0.049823,-0.02012,normal
-0.01643,0.041918,0.031838,normal
3.807918,9.99364,0.037111,bump
4.052042,-6.372203,-0.018208,pothole
0.01686,0.048391,0.037352,normal
-3.937348,-6.147921,-0.004415,pothole
0.03192,-0.00442,0.003867,normal
2.820438,-9.940232,0.0337,pothole
-3.63826,-8.65981,-0.027964,pothole
0.019142,-0.023058,0.034426,normal
-3.051377,-9.529426,0.036056,pothole
0.001056,-0.036448,0.026534,normal
-0.046887,0.022374,0.042791,normal
-0.010152,0.01861,0.046867,normal
-4.077121,-6.181856,0.009417,pothole
-2.166513,9.215139,0.025017,bump
0.009602,-0.012888,0.018247,normal
0.000455,0.045118,0.042247,normal
0.032136,-0.016522,-0.006192,normal
-0.039416,-0.049404,0.044432,normal
2.482402,-9.537079,0.041967,pothole
0.049347,0.025063,-0.006084,normal
0.04988,-0.003938,-0.014481,normal
4.571767,-8.316987,-0.030614,pothole
3.21195,7.349713,0.010368,bump
-0.04224,-0.048108,0.036653,normal
0.008958,-0.04271,-0.030803,normal
-4.245153,-8.342221,0.012689,pothole
4.447942,-8.489597,0.046617,pothole
0.002839,-0.037106,-0.041333,normal
-4.286329,6.150458,0.024669,bump
0.049823,0.017001,0.017299,normal
2.143973,-6.77902,-0.042363,pothole
0.04557,-0.034065,-0.028772,normal
0.03467,-0.039156,-0.016251,normal
-0.027612,-0.02534,-0.015813,normal
-0.008006,0.011541,0.012971,normal
-4.156064,8.705186,0.044546,bump
-0.005818,-0.045151,-0.036501,normal
-0.040427,-0.013337,-0.030032,normal
-0.022869,-0.034317,-0.008159,normal
-0.039191,2.1e-05,0.027558,normal
-4.247323,6.340719,-0.047434,bump
3.868136,7.122048,6.5e-05,bump
-0.033022,0.008257,0.000263,normal
0.02598,-0.030279,0.036354,normal
3.128353,6.096265,-0.006151,bump
2.858497,5.974213,0.009571,bump
0.007151,0.03986,0.049868,normal
2.479251,-6.896502,-0.006797,pothole
-0.042427,-0.039825,-0.030805,normal
0.032899,0.046302,0.030319,normal
2.145973,8.791553,-0.01198,bump
3.358806,-6.14104,-0.028103,pothole
-2.360618,-7.114047,-0.010239,pothole
-0.014663,0.038424,-0.022054,normal
0.035345,-0.042799,0.018991,normal
4.945046,-8.754313,0.02982,pothole
-4.8317,6.576138,0.041048,bump
-0.025679,-0.026622,0.01993,normal
-2.7625,-6.639723,-0.014206,pothole
0.040426,-0.013926,-0.011079,normal
-0.005846,0.040789,0.025866,normal
-2.511321,-9.118793,0.037918,pothole
3.587636,-6.875294,0.036829,pothole
0.015817,0.017355,-0.036095,normal
3.935702,-6.765907,0.019335,pothole
0.045923,0.039468,-0.002821,normal
-2.780255,7.511537,0.031873,bump
4.08867,9.948382,-0.005798,bump
-3.926911,7.549103,0.035431,bump
-3.404658,7.338607,-0.037422,bump
-3.53166,-8.760248,0.040997,pothole
0.005089,-0.038493,0.018736,normal
-0.039777,0.032038,-0.047024,normal
-0.040764,0.022264,0.035756,normal
2.136438,-8.712577,-0.025997,pothole
0.00429,0.007871,0.038191,normal
0.043306,0.012622,-0.01845,normal
0.041334,-0.008334,0.006511,normal
2.687311,5.610686,0.013195,bump
-0.001689,0.033261,0.033476,normal
-3.965312,-7.868151,-0.014015,pothole
-2.764257,7.401088,-0.02223,bump
0.0464,-0.032301,0.01167,normal
-2.935188,-9.293844,0.005208,pothole
0.035484,-0.044747,-0.036066,normal
-0.025083,0.003792,-0.048349,normal
-0.018373,-0.021613,0.010029,normal
-3.154303,-7.893008,0.012639,pothole
4.057432,8.411521,0.02049,bump
-0.029751,0.040733,0.005832,normal
3.694966,-9.508668,-0.049756,pothole
4.437256,-5.704575,-0.034277,pothole
2.963062,-8.146667,0.038392,pothole
-4.360034,7.566514,0.031908,bump
-0.028689,-0.049086,-0.020602,normal
2.933113,6.712669,0.001966,bump
-0.032632,0.047666,-0.020164,normal
-0.035145,0.027466,-0.011674,normal
-0.007522,-0.00471,0.005592,normal
0.031916,-0.022576,-0.025821,normal
-4.211411,9.928547,0.006247,bump
4.100915,-9.735492,-0.014381,pothole
-0.029919,0.030738,0.027497,normal
3.462688,9.873115,0.028335,bump
-0.045064,-0.002004,0.012631,normal
-4.198666,6.846369,0.004198,bump
4.945387,-9.831201,0.022472,pothole
-0.01437,-0.017815,-0.029688,normal
-4.377531,9.796977,-0.027881,bump
-0.006639,0.047344,0.021632,normal
2.605954,-9.142251,0.044806,pothole
-3.141667,5.442568,-0.035193,bump
3.087192,-7.6585,0.046709,pothole
-0.047489,-0.026559,0.038865,normal
-4.521436,7.01106,0.043327,bump
-0.042121,0.015631,-0.005811,normal
-3.345441,-9.933828,0.028582,pothole
-4.051107,5.163478,-0.009842,bump
4.495421,-5.692358,0.033342,pothole
-0.011889,0.034395,0.039496,normal
0.030986,-0.01775,0.014825,normal
-4.635505,-5.766606,-0.017456,pothole
-0.022638,-0.043813,-0.036805,normal
-4.453727,-5.209489,-0.049388,pothole
0.028957,0.015158,0.017375,normal
2.564812,7.142667,0.022322,bump
3.151558,-8.553393,-0.013611,pothole
0.005303,-0.033199,0.020368,normal
-4.693326,5.887635,0.017277,bump
4.108798,9.608995,0.039594,bump
-0.034227,-0.029421,-0.004123,normal
-4.31337,6.971671,-0.013792,bump
3.725758,7.123718,0.038212,bump
-4.372734,-8.657455,-0.028138,pothole
3.742392,-9.323996,0.020983,pothole
-0.045016,-0.042579,-0.023801,normal
-0.014071,0.00687,-0.036594,normal
-0.032457,-0.015946,-0.00734,normal
3.31971,-8.966486,-0.0138,pothole
2.455975,9.019515,0.011106,bump
-3.577386,7.128428,0.008735,bump
-0.049911,-0.036791,0.015017,normal
0.00925,0.021136,0.048443,normal
-3.012759,-7.794931,-0.034054,pothole
3.276148,7.603507,0.000728,bump
-0.048584,-0.048226,0.028229,normal
3.022745,-9.569885,0.010743,pothole
4.67929,-9.191741,-0.00012,pothole
-2.827369,-9.048016,0.003642,pothole
0.029529,-0.028144,-0.01056,normal
-0.024527,-0.009437,0.019929,normal
-0.030489,0.003481,-0.048451,normal
-4.327506,-6.507323,-0.024905,pothole
-0.049118,-0.043,-0.045005,normal
-0.024734,-0.008601,0.00478,normal
0.00692,-0.044293,0.008304,normal
0.04125,0.013554,-0.020856,normal
0.021371,0.001016,-0.049989,normal
-0.009194,-0.015655,-0.014845,normal
3.111171,-5.608117,0.010628,pothole
-2.094788,9.863902,-0.007556,bump
0.015558,-0.009073,-0.039953,normal
-0.00302,-0.010118,0.027135,normal
3.570578,-6.168275,0.009288,pothole
4.598791,9.711999,0.027332,bump
-0.031997,-0.027315,-0.034167,normal
-4.752525,5.387704,0.025712,bump
0.046545,-0.019784,0.028493,normal
-0.003913,-0.004369,-0.00381,normal
4.615934,6.252285,0.026561,bump
-0.016424,-0.030626,-0.036725,normal
0.032148,0.006144,-0.023293,normal
0.014232,0.035842,0.03329,normal
0.019162,0.033172,0.013193,normal
2.366302,-9.848161,-0.049672,pothole
2.432206,-8.477126,0.028886,pothole
3.373998,-8.700955,-0.029474,pothole
0.044278,-0.028662,0.027333,normal
-0.004044,-0.017691,0.002563,normal
-0.009421,0.040598,0.020772,normal
-0.001302,0.014414,-0.006748,normal
-0.03538,-0.047349,0.014116,normal
0.046083,-0.000393,-0.010825,normal
-4.745662,-6.022957,0.010015,pothole
2.219808,8.921251,-0.016409,bump
-3.492896,-8.451107,-0.009529,pothole
0.016954,-0.038507,-0.003708,normal
0.019116,0.01078,0.002538,normal
-3.683032,5.516996,-0.037505,bump
0.018435,-0.029304,0.044801,normal
0.046824,0.007402,0.040871,normal
-3.557803,-6.67647,-0.002817,pothole
4.006045,6.687986,-0.018648,bump
-0.044983,-0.043455,-0.023305,normal
2.146763,8.884896,-0.0442,bump
0.006874,-0.033856,-0.0025,normal
4.867754,-8.795449,0.04182,pothole
-4.793441,-8.067455,-0.029439,pothole
-0.019432,0.043018,0.040531,normal
2.98767,5.925624,-0.015207,bump
-2.833482,7.127705,-0.02217,bump
-4.033694,8.098615,0.013401,bump
3.505857,5.111929,0.046339,bump
0.008975,0.001169,0.014113,normal
0.042744,0.010804,-0.002627,normal
-0.046005,-0.000574,-0.006607,normal
-0.028362,-0.03827,-0.03756,normal
-0.038994,-0.034968,0.033906,normal
-3.625546,6.566835,-0.035443,bump
0.036784,-0.015017,-0.043767,normal
2.06689,-7.564447,0.003372,pothole
0.019827,0.019554,0.044615,normal
-3.466346,7.195374,-0.020239,bump
-0.038095,0.025422,0.016611,normal
0.034865,0.048598,0.04551,normal
-0.022982,-0.038079,0.037176,normal
-3.690242,-7.994015,-0.046399,pothole
-0.044121,0.007907,-0.013097,normal
0.04102,-0.028607,-0.025315,normal
-4.569974,-7.821739,-0.027146,pothole
-3.003481,-8.300648,0.012,pothole
-4.226523,8.648543,0.045978,bump
-0.044394,0.004669,-0.014228,normal
-2.434837,-7.091666,-0.012549,pothole
-0.031745,-0.006286,-0.041053,normal
0.022948,0.037059,-0.016079,normal
0.018047,-0.016949,-0.015586,normal
0.03746,-0.038766,0.022102,normal
0.032522,0.027633,0.035721,normal
-3.211768,8.457199,0.020974,bump
3.181841,-7.433556,0.043407,pothole
-0.03962,0.003803,0.031453,normal
-0.037537,0.042938,-0.022466,normal
-0.047683,-0.004117,0.038177,normal
-4.464725,5.52442,0.01018,bump
3.342488,-9.116233,-0.029714,pothole
3.005881,-5.960288,0.048087,pothole
2.300805,-7.116476,-0.042907,pothole
-4.763473,-6.06232,0.003261,pothole
2.650128,8.16074,-0.044943,bump
-3.411344,-5.585501,0.013861,pothole
2.174,-6.385058,-0.009239,pothole
0.007451,-0.03645,0.033895,normal
-3.48796,9.850241,-0.035318,bump
-2.443612,9.421205,-0.04134,bump
3.738552,7.230736,0.036982,bump
3.042211,8.45825,0.034625,bump
2.915289,-8.351401,-0.024526,pothole
2.275007,-5.106458,-0.025688,pothole
4.743117,-7.247049,-0.016666,pothole
-0.019871,0.001076,-0.011994,normal
0.003276,-0.020346,-0.048758,normal
2.60839,-6.796405,-0.01775,pothole
-0.003483,-0.007162,-0.014093,normal
0.04538,0.01549,-0.006824,normal
-0.036891,0.017905,0.041244,normal
0.04741,0.018679,-0.040356,normal
-0.046751,0.030246,0.03586,normal
4.687916,7.125663,0.043126,bump
4.789608,5.101049,0.023351,bump
0.032309,0.039389,0.023444,normal
-2.480942,8.311017,0.027602,bump
-3.241951,-9.689768,-0.044783,pothole
-0.026952,0.004573,0.010359,normal
0.018032,0.022219,0.03523,normal
3.315418,-7.009675,-0.013555,pothole
-0.031867,0.033014,0.034702,normal
0.02901,0.048709,-0.004051,normal
-3.40195,-9.948617,0.04651,pothole
4.634467,9.333665,-0.013444,bump
3.559712,8.056329,-0.038392,bump
0.008616,-0.020076,0.030851,normal
-4.250835,-6.013502,0.003666,pothole
-0.034839,-0.002175,-0.01245,normal
-4.295125,9.525631,-0.009012,bump
-4.307247,-7.409115,-0.017935,pothole
0.001683,-0.042266,-0.030606,normal
-2.561452,7.331264,0.037782,bump
2.685285,8.535076,-0.023333,bump
-0.035647,-0.014219,0.020408,normal
-0.029536,0.008989,-0.046727,normal
0.012415,0.029729,0.047823,normal
-3.102559,-8.645699,0.021568,pothole
3.047282,-5.185902,-0.025715,pothole
-4.918869,6.866611,-0.047584,bump
-0.030328,-0.003446,-0.036992,normal
-4.240011,-8.373937,5.7e-05,pothole
-4.874978,-6.523417,-0.046447,pothole
0.018205,-0.039727,0.03293,normal
-3.161944,-6.502417,0.029905,pothole
0.049791,-0.000136,-0.015141,normal
-0.028758,-0.006006,-0.009434,normal
-0.033692,-0.00484,0.041267,normal
0.010438,0.014889,-0.001173,normal
-0.033458,0.009687,0.00719,normal
0.027156,0.028683,0.041501,normal
4.610314,7.702334,0.026286,bump
0.034354,-0.031462,-0.035319,normal
0.027883,-0.006368,-0.015798,normal
2.40461,-7.718047,-0.019824,pothole
-2.007315,-5.906089,0.044684,pothole
-0.024911,0.035367,0.005817,normal
3.461917,5.500043,-0.014173,bump
-0.002894,0.017816,-0.006024,normal
3.841945,9.908089,-0.049551,bump
0.009689,-0.011097,-0.002456,normal
0.030199,0.038975,0.042768,normal
-0.025035,-0.014068,0.007864,normal
-3.18469,8.503911,0.014456,bump
2.880839,-6.157616,-0.013974,pothole
-0.016301,-0.020843,-0.028588,normal
0.031316,0.02822,0.03547,normal
-3.40072,-8.764066,-0.015113,pothole
-3.673886,9.778484,0.040716,bump
0.0013,0.027589,-0.044896,normal
-4.38119,-7.54066,-0.00526,pothole
0.038469,0.048473,0.037172,normal
0.048852,0.039452,-0.024828,normal
0.022622,0.016971,-0.040979,normal
2.299023,6.686025,-0.027476,bump
0.004402,-0.000451,0.034635,normal
-0.009507,-0.005037,-0.002175,normal
0.042797,0.008025,0.023459,normal
4.581671,-9.822505,0.047866,pothole
0.041946,0.011705,0.022197,normal
-0.013523,-0.027122,-0.037244,normal
-0.026006,-0.044439,0.010982,normal
3.395201,-6.205486,0.015291,pothole
4.358969,-9.603933,-0.042557,pothole
4.265298,7.461951,-0.004729,bump
-4.270987,-7.22078,0.047383,pothole
-2.222112,-7.507525,-0.044429,pothole
-0.01956,-0.042754,-0.007483,normal
-0.002312,0.026338,-0.026357,normal
2.912915,7.852493,-0.027344,bump
-0.01598,0.030982,0.046215,normal
3.409558,-8.98992,-0.036607,pothole
-4.331265,7.741103,0.01076,bump
2.399228,-6.929793,0.044794,pothole
-4.173852,7.065863,0.000954,bump
-0.01612,0.039849,-0.023601,normal
-4.039392,-8.708127,0.004489,pothole
-0.039307,-0.010071,0.020699,normal
4.849546,5.911332,0.004274,bump
4.386211,8.712748,-0.029373,bump
-2.7453,5.628127,0.021141,bump
0.018248,0.033449,-0.002843,normal
-3.560757,-6.269042,-0.04103,pothole
-3.796098,-6.895396,0.049247,pothole
0.036611,0.01051,-0.038372,normal
2.703217,-5.841296,0.045129,pothole
-0.040158,0.037782,0.019668,normal
3.727182,9.813205,-0.002901,bump
-3.572908,8.483736,0.013539,bump
-0.039274,-0.018891,0.007527,normal
-4.761009,5.140229,0.016206,bump
4.149467,6.302205,0.010651,bump
3.477702,-9.921124,0.018642,pothole
-3.47699,6.367293,0.008726,bump
4.357262,5.506962,-0.035036,bump
-0.028222,0.049847,0.040843,normal
3.244797,8.837237,-0.011964,bump
0.041005,0.022409,0.036558,normal
-0.025025,0.045526,0.023224,normal
-2.064475,-5.571963,0.047531,pothole
-3.413908,-7.417136,-0.025293,pothole
4.843187,7.675457,0.004116,bump
4.836303,-6.974012,0.024802,pothole
-4.275446,-7.792749,0.010288,pothole
-0.017093,-0.013933,0.016971,normal
0.047293,-0.012749,0.026595,normal
-2.214562,-8.78556,0.035681,pothole
3.651629,6.398865,-0.004886,bump
-3.729056,-6.875515,0.02096,pothole
-3.298939,7.757401,-0.025187,bump
0.032926,0.021968,0.041797,normal
2.151768,-5.098795,0.037572,pothole
-0.042265,-0.022916,-0.015163,normal
-4.72947,8.70189,0.044685,bump
3.40883,-7.368661,-0.040643,pothole
4.771102,-7.454713,-0.008486,pothole
0.021414,0.017624,-0.000964,normal
3.109667,-8.284527,0.025623,pothole
0.005591,-0.005073,0.011206,normal
2.607688,-7.150141,0.025292,pothole
-4.915097,6.557495,-0.026871,bump
-3.809645,-9.455258,-0.028375,pothole
-2.995271,8.560645,0.024503,bump
-0.04893,0.037715,0.031633,normal
3.638934,-8.667613,0.039094,pothole
-0.005549,-0.030052,0.021803,normal
-0.022524,0.045867,-0.043925,normal
-0.019577,0.023387,-0.018172,normal
0.024645,-0.034059,0.00382,normal
-3.110292,7.105334,0.011558,bump
-4.581393,8.297293,-0.042288,bump
-0.046441,0.033208,0.023121,normal
-0.019941,-0.040413,0.026144,normal
-3.461493,-9.985975,-0.029462,pothole
-2.7607,-5.446481,0.029655,pothole
-4.2119,-7.396496,-0.008889,pothole
-0.012153,-0.003978,-0.034698,normal
-0.043386,-0.005737,-0.011611,normal
3.372102,8.006461,0.028446,bump
-4.150795,-8.558988,-0.031235,pothole
0.004944,-0.027626,-0.001825,normal
-2.664267,-6.819946,-0.00015,pothole
2.638635,-9.765741,0.006021,pothole
0.017578,-0.048893,-0.018153,normal
0.016482,-0.01897,0.019365,normal
0.002991,-0.037328,-0.047314,normal
0.005862,0.022183,-0.048488,normal
4.969685,7.526731,0.009911,bump
-2.991204,7.011155,-0.00639,bump
-0.020726,0.026791,-0.014165,normal
0.014401,0.012298,0.032145,normal
0.013928,0.000388,0.023234,normal
-0.007432,-0.022595,-0.049485,normal
-0.038846,0.016273,0.037895,normal
0.037476,-0.025164,0.037426,normal
-0.016754,-0.027578,0.04044,normal
-3.322347,6.981855,0.037574,bump
-0.009743,-0.036309,0.005071,normal
4.433346,-6.890079,0.037749,pothole
3.799447,5.156856,0.014593,bump
0.010447,-0.033764,-0.040944,normal
3.810313,-8.255386,0.02002,pothole
0.038417,0.014441,0.005293,normal
4.934454,-8.753797,0.012822,pothole
4.886513,-9.645213,-0.042844,pothole
3.121425,-7.975602,0.034258,pothole
2.879757,-6.436694,-0.033345,pothole
3.037218,8.617123,-0.020096,bump
0.025407,0.008963,-0.032072,normal
-0.010343,0.010522,0.022414,normal
3.30169,8.152594,-0.017898,bump
-0.003909,0.036731,0.04305,normal
-4.040843,6.769014,0.024692,bump
-4.664999,-6.800044,-0.003668,pothole
2.722144,-6.942326,-0.005292,pothole
2.368627,9.054456,-0.035158,bump
-3.121929,-5.869864,0.00013,pothole
-0.018942,-0.001152,0.028055,normal
-0.000417,-0.018684,0.00052,normal
-4.585555,6.975536,-0.025727,bump
0.01123,-0.03979,0.018998,normal
0.034805,0.012955,-0.036626,normal
3.991539,-7.853097,-0.032401,pothole
3.341126,6.600248,-0.011861,bump
-0.020849,-0.012489,-0.04299,normal
2.798467,5.691999,0.029171,bump
0.040167,0.015684,-0.048555,normal
-2.832941,6.247095,-0.013037,bump
0.021533,-0.043415,-0.047204,normal
-0.041514,-0.026737,0.021451,normal
-0.009428,-0.020805,0.02567,normal
0.018193,0.048985,-0.006096,normal
-0.021125,0.025333,-0.014849,normal
4.190135,-5.835903,0.039877,pothole
0.011466,-0.004542,-0.017316,normal
3.376186,-9.707743,0.007379,pothole
0.019908,-0.013992,0.006195,normal
2.931186,-8.822008,-0.045718,pothole
-3.61268,-5.572815,-0.029934,pothole
0.02824,0.013404,-0.046174,normal
-3.156261,8.180622,-0.036311,bump
-2.912067,-9.559629,0.033499,pothole
4.894486,-9.544802,-0.018338,pothole
0.034237,-0.026252,0.049923,normal
0.027251,0.024213,-0.048364,normal
3.048551,-5.457688,0.013983,pothole
0.049675,0.038075,0.007835,normal
4.97855,-8.827886,-0.037552,pothole
-0.039788,0.003387,0.02201,normal
-0.04226,0.046051,0.019255,normal
0.033951,0.020903,-0.02027,normal
-3.029008,-7.199163,0.018458,pothole
-0.010349,0.009391,-0.023805,normal
0.049392,-0.024102,0.044725,normal
0.014836,0.036158,-0.027614,normal
3.50721,-7.719162,-0.030476,pothole
0.043109,0.021011,0.045907,normal
3.548193,-9.304625,0.005154,pothole
0.006196,0.000493,0.007303,normal
-0.041067,-0.039318,-0.001726,normal
0.002421,0.041255,-0.042126,normal
-3.563578,7.766417,-0.031023,bump
4.123521,-7.006021,0.042281,pothole
-3.932421,-5.770261,0.004818,pothole
0.000683,0.011437,-0.045761,normal
0.042439,0.026217,-0.044822,normal
0.037535,-0.048454,0.039983,normal
-4.731795,-9.368358,0.024895,pothole
2.624986,9.430775,0.022255,bump
0.002898,-0.03844,0.023807,normal
-0.013908,0.039787,-0.033223,normal
-3.327665,-5.875156,0.033179,pothole
0.045337,-0.046969,0.002055,normal
-0.018374,0.015907,-0.022796,normal
2.330666,-9.078009,-0.044928,pothole
0.014682,0.02279,0.021935,normal
-2.599498,6.619005,-0.003099,bump
0.012275,0.016584,0.041811,normal
-4.839079,7.644097,-0.044904,bump
0.049576,0.047664,0.02312,normal
0.019391,0.006428,0.031886,normal
0.037298,0.047894,0.024574,normal
-0.038118,-0.029749,0.032115,normal
-0.009588,-0.011332,0.014097,normal
-3.393754,-9.96387,-0.014147,pothole
3.51003,-7.556881,-0.042848,pothole
-2.412593,7.000933,0.039225,bump
3.746999,-9.441527,-0.012242,pothole
-0.01691,-0.019778,0.044107,normal
-4.853073,-8.168753,-0.012725,pothole
-2.817024,-9.503835,0.035833,pothole
-0.029666,-0.029963,-0.001491,normal
-0.043041,-0.013839,-0.001173,normal
0.03188,0.02091,0.037332,normal
3.535354,9.070669,0.02535,bump
-2.536439,9.502752,-0.037631,bump
-0.036335,0.012947,0.030769,normal
-0.025539,-0.036183,-0.041166,normal
0.012773,-0.006724,0.036717,normal
0.009096,-0.015276,0.000294,normal
3.668449,5.702437,0.040126,bump
0.029857,0.010975,-0.007701,normal
-3.926056,5.663392,-0.016719,bump
2.734927,9.858114,0.046947,bump
-2.920949,6.474231,-0.006116,bump
-2.197929,8.73798,-0.008031,bump
0.020922,0.022777,0.039562,normal
2.244961,8.942648,-0.017141,bump
-4.99163,-5.790517,-0.033307,pothole
-0.042329,0.019569,0.032024,normal
-0.047758,0.031797,0.02187,normal
-2.455654,-7.560211,-0.020203,pothole
-0.024346,-0.04763,0.022324,normal
2.433383,8.033369,0.019882,bump
3.032729,-8.164117,-0.00573,pothole
0.017172,-0.025033,0.030956,normal
-3.599887,9.332103,0.01155,bump
-0.015212,0.001416,-0.029992,normal
-2.821605,-7.860777,-0.03255,pothole
-0.037232,-0.006779,0.024282,normal
-0.020906,0.014417,0.013315,normal
-4.966518,-7.030177,-0.003193,pothole
2.57028,-9.316299,-0.039485,pothole
-0.048657,0.026029,-0.0097,normal
0.045447,-0.0112,-0.04959,normal
-0.047879,-0.035919,-0.018607,normal
-0.044495,0.006411,0.014124,normal
4.366332,6.637106,-0.022899,bump
0.04843,0.001718,0.002356,normal
3.752499,7.199944,-0.026864,bump
-3.109453,6.268855,-0.018284,bump
0.044186,0.005032,0.039753,normal
0.01568,0.032946,-0.013059,normal
-2.627364,5.207437,-0.020644,bump
-4.101789,8.959651,0.004686,bump
-0.006003,0.033467,0.014834,normal
0.043381,0.043603,-0.034304,normal
0.045494,0.029955,-0.041424,normal
0.016031,0.00646,-0.003496,normal
-0.036692,-0.029166,-0.042204,normal
0.026176,-0.028384,0.009066,normal
-2.493227,5.146138,0.036493,bump
-0.01643,0.014678,0.038686,normal
3.225512,9.729921,0.040836,bump
0.035346,-0.007123,-0.048758,normal
0.010074,-0.003418,-0.004851,normal
0.027348,0.006477,0.010349,normal
-0.024163,0.03992,-0.010857,normal
-2.796889,-5.349867,-0.010483,pothole
2.554572,-9.886437,-0.026095,pothole
-4.63114,9.410319,-0.00861,bump
2.477202,9.005999,0.025555,bump
4.436069,-6.581061,-0.010508,pothole
-2.523308,-7.95032,-0.034261,pothole
2.771427,5.652205,0.043066,bump
-3.309483,-5.563814,0.021742,pothole
0.035566,0.040104,0.011691,normal
0.00846,0.044848,1.6e-05,normal
0.013663,0.024597,-0.025386,normal
-0.012157,0.022119,-0.037807,normal
-4.79003,-6.883505,-0.030062,pothole
3.313997,5.699097,0.026937,bump
0.00516,0.010203,-0.043095,normal
-0.030298,0.008225,0.046603,normal
-4.915317,-9.78489,0.039514,pothole
-0.00861,-0.000961,0.022193,normal
2.077163,6.736568,-0.001649,bump
-4.450483,-9.526123,0.006187,pothole
-2.413053,-9.745426,-0.034509,pothole
0.033765,-0.011597,-0.009209,normal
4.956165,-8.123606,0.014258,pothole
3.565478,-7.740907,0.026623,pothole
-2.128186,5.968208,0.044663,bump
-4.513874,-5.970591,-0.021042,pothole
3.021469,8.445013,-0.033978,bump
-4.133891,8.284773,-0.04039,bump
0.006481,-0.014373,0.042112,normal
0.003756,0.004266,-0.025786,normal
-2.946189,-5.869661,0.023508,pothole
2.32216,-9.419814,0.00418,pothole
-0.02648,-0.029044,0.012203,normal
-4.238945,5.351632,0.028626,bump
3.758822,-5.059406,-0.012692,pothole
-0.017552,0.00354,0.047881,normal
0.033909,-0.019929,0.042015,normal
-4.224775,7.451777,0.022063,bump
3.094699,9.004849,-0.024529,bump
-0.021413,-0.033553,0.010359,normal
-3.009616,5.289157,-0.044088,bump
-3.818788,6.206588,-0.006066,bump
-0.034472,0.030712,0.034571,normal
-4.597172,-5.992817,-0.031957,pothole
2.751535,-8.736161,0.04527,pothole
4.725613,9.167934,-0.02455,bump
0.036621,0.031621,0.01099,normal
-2.765739,-9.523316,0.012863,pothole
0.005198,-0.037611,0.030769,normal
3.104636,6.781763,-0.03035,bump
-0.048273,0.031219,0.015482,normal
0.048868,0.032932,0.033489,normal
2.732217,8.322176,0.024342,bump
-2.786028,-7.092116,0.00818,pothole
-2.618552,-7.51068,0.00778,pothole
0.001863,0.006581,-0.001893,normal
4.724053,-9.373902,0.005863,pothole
-0.044459,0.042749,0.010822,normal
-3.084243,8.859148,0.036454,bump
-4.269545,6.673719,-0.037476,bump
0.046772,-0.001007,0.006217,normal
-3.119982,8.577045,-0.027695,bump
-4.598011,-5.16689,-0.007665,pothole
-0.035,0.044283,-0.035406,normal
2.847952,6.565547,0.04759,bump
-0.03786,-0.011198,-0.033035,normal
-3.065758,-8.856219,0.013846,pothole
4.500502,-8.311758,0.00965,pothole
0.006318,-0.044784,0.003078,normal
2.321477,5.534359,0.011786,bump
-0.009817,-0.043561,-0.035175,normal
0.012728,0.020111,0.023103,normal
3.882367,8.379153,0.046773,bump
-2.247189,-5.755188,-0.046556,pothole
-0.033296,0.044701,0.022587,normal
-4.668152,-6.786312,0.001109,pothole
-0.028274,0.027247,-0.035227,normal
-0.039715,-0.047992,-0.027811,normal
3.415312,9.679283,-0.03763,bump
4.110549,-6.426653,-0.016273,pothole
-4.964424,-9.919094,0.045876,pothole
-2.427231,8.759724,0.031129,bump
-0.018491,0.008222,0.037953,normal
0.028713,-0.045619,-0.034455,normal
0.048143,0.002378,-0.046069,normal
-0.023848,-0.000838,0.019025,normal
4.087396,-8.148445,-0.029911,pothole
-0.008191,-0.010703,0.036828,normal
-0.033081,0.013697,0.003565,normal
-0.007986,0.045649,0.039485,normal
0.016339,0.024131,0.010008,normal
-4.855772,6.108398,0.000703,bump
0.047828,0.012115,-0.037491,normal
-3.583769,6.867878,0.00178,bump
2.44784,5.108602,0.006473,bump
0.011189,-0.049612,-0.02083,normal
-4.054704,9.775114,0.049003,bump
3.909992,6.365023,-0.033397,bump
-3.308108,8.82912,-0.032877,bump
-2.014805,9.403882,-0.006387,bump
0.011561,-0.005836,0.039233,normal
-4.275879,5.982709,0.043791,bump
0.004752,0.037339,-0.038346,normal
2.610521,-6.292471,0.018988,pothole
-3.740107,7.954502,0.021365,bump
0.039009,-0.018831,0.046028,normal
-3.443946,9.704644,0.02138,bump
-4.02478,-6.505456,0.049129,pothole
0.01436,0.016802,0.024496,normal
0.043384,-0.023281,-0.037129,normal
0.017638,-0.040447,0.013616,normal
-0.041344,0.025481,-0.012671,normal
-2.44358,-7.874886,-0.034785,pothole
-2.530067,8.806232,-0.03734,bump
0.013865,-0.024328,0.023412,normal
0.047428,-0.020814,0.043695,normal
0.040667,-0.005707,-0.041548,normal
-2.260314,9.546169,0.023927,bump
-0.046545,-0.035131,0.046584,normal
0.003888,-0.03028,-0.025853,normal
-0.032821,0.039431,-0.0323,normal
-0.029519,-0.040243,0.019396,normal
0.031904,0.042922,0.026449,normal
-2.633147,6.376532,-0.003366,bump
0.008124,-0.00373,-0.036794,normal
-4.947939,-7.992342,-0.042797,pothole
0.014254,-0.048274,-0.014739,normal
4.816734,9.204104,0.044057,bump
-4.279653,8.280439,-0.02815,bump
3.389188,-8.76925,-0.048487,pothole
0.032115,-0.03244,0.045991,normal
0.030314,-0.036432,-0.028294,normal
4.906721,5.609513,-0.031676,bump
2.281524,9.218593,0.000213,bump
3.899273,-8.981979,0.023273,pothole
-4.719634,6.127484,0.014042,bump
-2.182589,-9.289272,0.002419,pothole
-4.560104,-8.613576,-0.000676,pothole
-3.360743,-9.098003,-0.045224,pothole
-2.093959,5.573801,-0.000123,bump
0.017443,0.019468,0.030672,normal
-4.961412,-6.969599,-0.044133,pothole
-7.8e-05,-0.001842,0.015521,normal
4.809973,6.636942,0.045515,bump
-3.206379,-6.587097,-0.016236,pothole
0.044559,-0.000748,-0.004035,normal
0.01196,0.022481,-0.006745,normal
0.003319,0.041075,0.020954,normal
-2.375198,-8.91758,0.04902,pothole
3.765178,-8.134713,-0.028921,pothole
0.048202,0.001262,0.045776,normal
2.422227,5.580863,0.028712,bump
0.016948,-0.025823,0.037412,normal
0.009033,-0.042764,0.002539,normal
0.035286,-0.039703,0.017955,normal
0.0418,-0.019883,0.027888,normal
-2.328804,7.266465,0.011365,bump
-0.027315,-0.041654,-0.036994,normal
2.431992,5.120135,0.039816,bump
-0.012228,0.046074,-0.006769,normal
-3.901135,5.812222,0.01783,bump
0.040893,0.036583,0.039778,normal
-3.178372,8.642862,0.045125,bump
-2.560412,-5.404521,-0.009573,pothole
-3.167543,-9.745071,-0.023058,pothole
3.666212,-9.531226,0.016453,pothole
0.023321,-0.033076,0.043309,normal
0.044554,0.011949,0.03499,normal
0.026296,0.034459,-0.029172,normal
-0.038954,-0.048183,-0.007271,normal
0.038672,0.032314,-0.034999,normal
0.012396,0.016953,0.006763,normal
2.652189,5.793264,0.029522,bump
-2.551922,-8.920039,-0.026822,pothole
0.003891,-0.032772,-0.03628,normal
0.038254,0.049148,0.007705,normal
-3.657193,9.21897,0.037105,bump
0.031741,0.007561,-0.019495,normal
